insert into  categoria  (ID, nombre)
values
(1, 'ELECTRONICOS'),
(2, 'ROPA'),
(3, 'HOGAR'),
(4, 'DEPORTES'),
(5, 'JUGUETES');

insert into  producto  (ID, nombre, marca , categoria_id, precio_unitario)
values
(1,'TELEVISOR', 'SONY', 1, 1000),
(2,'LAPTOP', 'HP', 1, 800),
(3,'CAMISA', 'ZARA', 2, 50),
(4,'PANTALON', 'LEVIS', 2, 70),
(5,'SARTEN', 'T-FAL', 3, 30),
(6,'TOALLA', 'CANNON', 3, 20),
(7,'PELOTA', 'NIKE', 4, 15),
(8,'RAQUETA', 'WILSON', 4, 50),
(9,'MUÑECA', 'BARBIE', 5, 25),
(10,'CARRO', 'HOT WHEELS', 5, 10);

insert into  sucursal  (ID, nombre, direccion)
values
(1, 'SUCURSAL_A', 'CALLE 1'),
(2, 'SUCURSAL_B', 'CALLE 2'),
(3, 'SUCURSAL_3', 'CALLE 3');

insert into  cliente (ID, nombre, telefono)
values
(1, 'JUAN',  123456789),
(2, 'MARIA', 987654321),
(3, 'PEDRO', 555555555);

insert into  orden  (ID, cliente_id, sucursal_id, fecha, total)
values
(1, 1, 3, 2023/06/12, 575),
(2, 2, 1, 2023/06/12, 705),
(3, 3, 3, 2023/06/12, 9000),
(4, 2, 3, 2023/06/12, 10400),
(5, 3, 3, 2023/06/12, 85),
(6, 1, 1, 2023/06/12, 830),
(7, 1, 1, 2023/06/12, 490),
(8, 3, 3, 2023/06/12, 16100),
(9, 3, 2, 2023/06/12, 680),
(10, 2, 1, 2023/06/12, 7525),
(11, 2, 3, 2023/06/12, 725),
(12, 3, 1, 2023/06/12, 11430),
(13, 3, 3, 2023/06/12, 4900),
(14, 3, 3, 2023/06/12, 5490),
(15, 1, 1, 2023/06/12, 420);

insert into  stock (ID, sucursal_id, producto_id, cantidad)
values
(1, 1, 1, 65),
(2, 1, 2, 71),
(3, 1, 3, 8),
(4, 1, 4, 42),
(5, 1, 5, 61),
(6, 1, 6, 14),
(7, 1, 7, 70),
(8, 1, 8, 66),
(9, 1, 9, 13),
(10, 1, 10, 68),
(11, 2, 1, 14),
(12, 2, 2, 67),
(13, 2, 3, 74),
(14, 2, 4, 32),
(15, 2, 5, 75),
(16, 2, 6, 37),
(17, 2, 7, 14),
(18, 2, 8, 42),
(19, 2, 9, 51),
(20, 2, 10, 41),
(21, 3, 1, 59),
(22, 3, 2, 98),
(23, 3, 3, 52),
(24, 3, 4, 85),
(25, 3, 5, 31),
(26, 3, 6, 17),
(27, 3, 7, 13),
(28, 3, 8, 18),
(29, 3, 9, 76),
(30, 3, 10, 1);

insert into item (ID, orden_id, producto_id, cantidad, monto_venta)
values
(1, 1, 9, 7, 175),
(2, 1, 8, 8, 400),
(6, 2, 9, 3, 75),
(7, 2, 5, 9, 270),
(8, 2, 5, 10, 300),
(9, 2, 6, 3, 60),
(11, 3, 1, 9, 9000),
(16, 4, 1, 4, 4000),
(17, 4, 2, 8, 6400),
(21, 5, 6, 2, 40),
(22, 5, 7, 3, 45),
(26, 6, 4, 9, 630),
(27, 6, 9, 4, 100),
(28, 6, 3, 2, 100),
(31, 7, 5, 8, 240),
(32, 7, 9, 6, 150),
(33, 7, 8, 2, 100),
(36, 8, 1, 6, 6000),
(37, 8, 1, 10, 10000),
(38, 8, 3, 2, 100),
(41, 9, 8, 9, 450),
(42, 9, 3, 3, 150),
(43, 9, 7, 2, 30),
(44, 9, 10, 5, 50),
(46, 10, 9, 9, 225),
(47, 10, 1, 7, 7000),
(48, 10, 3, 6, 300),
(51, 11, 7, 5, 75),
(52, 11, 9, 8, 200),
(53, 11, 3, 9, 450),
(56, 12, 2, 7, 5600),
(57, 12, 1, 5, 5000),
(58, 12, 6, 9, 180),
(59, 12, 8, 9, 450),
(60, 12, 8, 4, 200),
(61, 13, 9, 4, 100),
(62, 13, 2, 6, 4800),
(66, 14, 1, 5, 5000),
(67, 14, 4, 7, 490),
(71, 15, 9, 6, 150),
(72, 15, 5, 9, 270);
